<?xml version="1.0" encoding="UTF-8"?>
<project-private xmlns="http://www.netbeans.org/ns/project-private/1">
    <editor-bookmarks xmlns="http://www.netbeans.org/ns/editor-bookmarks/2" lastBookmarkId="0"/>
    <open-files xmlns="http://www.netbeans.org/ns/projectui-open-files/2">
        <group>
            <file>file:/D:/FPT2024/FA24_CN5/PRJ301_FA24/JavaApplication_PRJ301/Week7/PracticalTest2/web/ListCategory.jsp</file>
            <file>file:/D:/FPT2024/FA24_CN5/PRJ301_FA24/JavaApplication_PRJ301/Week7/PracticalTest2/web/AddProduct.jsp</file>
            <file>file:/D:/FPT2024/FA24_CN5/PRJ301_FA24/JavaApplication_PRJ301/Week7/PracticalTest2/src/java/controller/ProductServlet.java</file>
            <file>file:/D:/FPT2024/FA24_CN5/PRJ301_FA24/JavaApplication_PRJ301/Week7/PracticalTest2/src/java/model/Category.java</file>
            <file>file:/D:/FPT2024/FA24_CN5/PRJ301_FA24/JavaApplication_PRJ301/Week7/PracticalTest2/src/java/model/CategoryDAO.java</file>
            <file>file:/D:/FPT2024/FA24_CN5/PRJ301_FA24/JavaApplication_PRJ301/Week7/PracticalTest2/web/ListProduct.jsp</file>
            <file>file:/D:/FPT2024/FA24_CN5/PRJ301_FA24/JavaApplication_PRJ301/Week7/PracticalTest2/src/java/model/ProductDAO.java</file>
        </group>
    </open-files>
</project-private>
